dataset_id	organism_label	role	assembly_path	gff3_path	protein_path	cds_path	sequences	assembly_bp	gene_count	transcript_count	metadata_status
Black_Hap1	Crataegus_sp_Black_Hap1	hawthorn_discovery	/nas_data/NFS/Shanzha/shanzha_analysis/cp_genome/lijiajia_genome/Black_Hap1.fa	/nas_data/NFS/Shanzha/shanzha_analysis/cp_genome/lijiajia_genome/Black_Hap1.gff3	/nas_data/NFS/Shanzha/shanzha_analysis/cp_genome/lijiajia_genome/Black_Hap1.protein.fa	/nas_data/NFS/Shanzha/shanzha_analysis/cp_genome/lijiajia_genome/Black_Hap1.cds.fa	1735	762509813	36469	41755	requires_accession_species_ploidy_provenance
Black_Hap2	Crataegus_sp_Black_Hap2	hawthorn_discovery	/nas_data/NFS/Shanzha/shanzha_analysis/cp_genome/lijiajia_genome/Black_Hap2.fa	/nas_data/NFS/Shanzha/shanzha_analysis/cp_genome/lijiajia_genome/Black_Hap2.gff3	/nas_data/NFS/Shanzha/shanzha_analysis/cp_genome/lijiajia_genome/Black_Hap2.protein.fa	/nas_data/NFS/Shanzha/shanzha_analysis/cp_genome/lijiajia_genome/Black_Hap2.cds.fa	386	692329401	35812	41186	requires_accession_species_ploidy_provenance
Black_Primary	Crataegus_sp_Black_Primary	hawthorn_discovery	/nas_data/NFS/Shanzha/shanzha_analysis/cp_genome/lijiajia_genome/Black_Primary.fa	/nas_data/NFS/Shanzha/shanzha_analysis/cp_genome/lijiajia_genome/Black_Primary.gff3	/nas_data/NFS/Shanzha/shanzha_analysis/cp_genome/lijiajia_genome/Black_Primary.protein.fa	/nas_data/NFS/Shanzha/shanzha_analysis/cp_genome/lijiajia_genome/Black_Primary.cds.fa	1699	762936038	36243	41578	requires_accession_species_ploidy_provenance
Cp_v1.0	Crataegus_pinnatifida_Cp_v1.0	hawthorn_discovery	/nas_data/NFS/Shanzha/shanzha_analysis/cp_genome/lijiajia_genome/Cp_v1.0.fa	/nas_data/NFS/Shanzha/shanzha_analysis/cp_genome/lijiajia_genome/Cp_v1.0.gff3	/nas_data/NFS/Shanzha/shanzha_analysis/cp_genome/lijiajia_genome/Cp_v1.0.protein.fa	/nas_data/NFS/Shanzha/shanzha_analysis/cp_genome/lijiajia_genome/Cp_v1.0.cds.fa	17	779308685	38131	38131	requires_accession_ploidy_provenance
DJX_Hap1	Crataegus_sp_DJX_Hap1	hawthorn_discovery	/nas_data/NFS/Shanzha/shanzha_analysis/cp_genome/lijiajia_genome/DJX_Hap1.fa	/nas_data/NFS/Shanzha/shanzha_analysis/cp_genome/lijiajia_genome/DJX_Hap1.gff3	/nas_data/NFS/Shanzha/shanzha_analysis/cp_genome/lijiajia_genome/DJX_Hap1.protein.fa	/nas_data/NFS/Shanzha/shanzha_analysis/cp_genome/lijiajia_genome/DJX_Hap1.cds.fa	17	777131881	39194	39194	requires_accession_species_ploidy_provenance
DJX_Hap2	Crataegus_sp_DJX_Hap2	hawthorn_discovery	/nas_data/NFS/Shanzha/shanzha_analysis/cp_genome/lijiajia_genome/DJX_Hap2.fa	/nas_data/NFS/Shanzha/shanzha_analysis/cp_genome/lijiajia_genome/DJX_Hap2.gff3	/nas_data/NFS/Shanzha/shanzha_analysis/cp_genome/lijiajia_genome/DJX_Hap2.protein.fa	/nas_data/NFS/Shanzha/shanzha_analysis/cp_genome/lijiajia_genome/DJX_Hap2.cds.fa	17	797623330	39893	39893	requires_accession_species_ploidy_provenance
DJX_Primary	Crataegus_sp_DJX_Primary	hawthorn_discovery	/nas_data/NFS/Shanzha/shanzha_analysis/cp_genome/lijiajia_genome/DJX_Primary.fa	/nas_data/NFS/Shanzha/shanzha_analysis/cp_genome/lijiajia_genome/DJX_Primary.gff3	/nas_data/NFS/Shanzha/shanzha_analysis/cp_genome/lijiajia_genome/DJX_Primary.protein.fa	/nas_data/NFS/Shanzha/shanzha_analysis/cp_genome/lijiajia_genome/DJX_Primary.cds.fa	71	822230708	41206	41206	requires_accession_species_ploidy_provenance
JRY	Crataegus_sp_JRY	hawthorn_discovery	/nas_data/NFS/Shanzha/shanzha_analysis/cp_genome/lijiajia_genome/JRY.fa	/nas_data/NFS/Shanzha/shanzha_analysis/cp_genome/lijiajia_genome/JRY.gff3	/nas_data/NFS/Shanzha/shanzha_analysis/cp_genome/lijiajia_genome/JRY.protein.fa	/nas_data/NFS/Shanzha/shanzha_analysis/cp_genome/lijiajia_genome/JRY.cds.fa	17	809118831	56407	56407	requires_accession_species_ploidy_provenance
RZ	Crataegus_sp_RZ	hawthorn_discovery	/nas_data/NFS/Shanzha/shanzha_analysis/cp_genome/lijiajia_genome/RZ.fa	/nas_data/NFS/Shanzha/shanzha_analysis/cp_genome/lijiajia_genome/RZ.gff3	/nas_data/NFS/Shanzha/shanzha_analysis/cp_genome/lijiajia_genome/RZ.protein.fa	/nas_data/NFS/Shanzha/shanzha_analysis/cp_genome/lijiajia_genome/RZ.cds.fa	17	760537831	55457	55457	requires_accession_species_ploidy_provenance
